id;title;lag
1;0001RAI 1;0
2;0002RAI 2;0
3;0003RAI 3;0
4;0004CANALE 5;0
5;0005ITALIA 1;0
6;0006RETE 4;0
7;0013LA7;0
8;0027MUSIC;0
9;0030ODEON 24 LOCALE;0
10;0031ODEON 24 NAZIONALE;0
11;0032K2 NAZIONALE;0
12;0033TG NORBA 24 NAZIONALE;0
13;0052CANALE ITALIA 83;0
14;0061ALTRE SAT;0
15;0070ALTRE ANALOGICHE;0
16;0080ALTRE DIGITALI TERRESTRI;0
17;6010VIDEO ITALIA;0
18;6011MTV;0
19;6013TV2000;0
20;6015SKY SPORT 1;0
21;6016SKY CINEMA 1/HD;0
22;6017SKY CINEMA +1;1
23;6018CINEMA FAMILY;0
24;6019SKY CINEMA PASSION;0
25;6020SKY CINEMA MAX/HD;0
26;6021SKY CINEMACHRISTMAS/HD;0
27;6022SKY SPORT 2;0
28;6023SKY TG24;0
29;6024FOX/HD;0
30;6026FOX LIFE;0
31;6027NATIONAL GEOGRAPHIC CHANNEL;0
32;6028NATGEO ADVENTURE;0
33;6029HISTORY CHANNEL;0
34;6032MARCO POLO;0
35;6033ALICE;0
36;6034NUVOLARI;0
37;6035LEONARDO;0
38;6038DISCOVERY CHANNEL/HD;0
39;6046CARTOON NETWORK;0
40;6047BOOMERANG;0
41;6049CARTOON NETWORK +1;1
42;6052SKY SPORT 3;0
43;6053SKY SUPERCALCIO;0
44;6054SKY METEO 24;0
45;6055RAI MOVIE;0
46;6058RAI PREMIUM;0
47;6060SKY CINEMA CLASSIC;0
48;6061SKY UNO;0
49;6062SKY CALCIO 1;0
50;6063SKY CALCIO 2;0
51;6064SKY CALCIO 3;0
52;6065SKY CALCIO 4;0
53;6066SKY CALCIO 5;0
54;6067SKY CALCIO 6;0
55;6068SKY CALCIO 7;0
56;6069SKY CALCIO 8;0
57;6070SKY CALCIO 9;0
58;6071SKY CALCIO 10;0
59;6072SKY CALCIO 11;0
60;6073SKY CALCIO 12;0
61;6074SKY CALCIO 13;0
62;6075SKY CALCIO 14;0
63;6076NATIONAL GEOGRAPHIC CHANNEL +1;1
64;6077HISTORY CHANNEL +1;1
65;6079DISNEY CHANNEL;0
66;6081DISNEY CHANNEL+1;1
67;6083EUROSPORT/HD;0
68;6085ESPN CLASSIC;0
69;6087MATCH MUSIC;0
70;6092DISNEY JUNIOR;0
71;6095RAI NEWS;0
72;6096EUROSPORT 2;0
73;6097SKY MOSAICO INTERATTIVO;0
74;6099DIVA UNIVERSAL;0
75;6101SKY SPORT EXTRA;0
76;6104FOX CRIME/HD;0
77;6107SKY TG24 PRIMO PIANO;0
78;6108SKY SPORT ACTIVE;0
79;6109SKY TG24 RASSEGNE;0
80;6112SKY TG24 ACTIVE;0
81;6113SPORTITALIA 1;0
82;6115DISCOVERY SCIENCE;0
83;6117DISCOVERY TRAVEL & LIVING;0
84;6119REAL TIME;0
85;6120ANIMAL PLANET;0
86;6121AXN/HD;0
87;6123COMEDY CENTRAL;0
88;6124NICKELODEON;0
89;6125MTV HITS;0
90;6126MTV ROCKS;0
91;6130RAI SPORT 1;0
92;6131RAI SCUOLA;0
93;6132RAI STORIA;0
94;6134RAI GULP;0
95;6136HORROR CHANNEL;0
96;6142SKY TG24 EVENTI;0
97;6169RAI YOYO;0
98;6171JIMJAM;0
99;6172MY DEEJAY;0
100;6173SKY UNO +1;1
101;6174ROCK TV;0
102;6177SKY INSIDE;0
103;6211RTL 102.5;0
104;6220FOX CRIME +1;1
105;6224COMING SOON TELEVISION;0
106;6225FOX +1;1
107;6226FOX LIFE +1;1
108;6227SKY MOSAICO INTERATTIVO 2;0
109;6236MTV CLASSIC;0
110;6237MTV DANCE;0
111;6239NATGEO WILD;0
112;6273SKY SPORT 24;0
113;6274ESPN America;0
114;6276HIP HOP TV;0
115;6282DEAKIDS;0
116;6285DEAKIDS +1;1
117;6286SUPERTENNIS;0
118;6287DISCOVERY CHANNEL +1;1
119;6289SKY CINEMA MAX +1;1
120;6290SKY CINEMA +24;24
121;6292BOOMERANG +1;1
122;6299LEI;0
123;6309FOX RETRO;0
124;6310SKY CINEMA COMEDY;0
125;6315DISNEY JUNIOR +1;1
126;6316GAMBERO ROSSO CHANNEL;0
127;6317DISNEY XD;0
128;6319DISNEY XD +1;1
129;6320GXT;0
130;6321GXT +1;1
131;6322NICKELODEON +1;1
132;6323COMEDY +1;1
133;6324NICK JR;0
134;6335CIELO;0
135;6355DOVE TV;0
136;6356POKER ITALIA 24;0
137;6359AXN +1;1
138;6363SKY ON DEMAND 1 HD;0
139;6364SKY ON DEMAND 1 SD;0
140;6367RAI SPORT 2;0
141;6368FRISBEE;0
142;6379MAN-GA;0
143;6388REAL TIME +1;1
144;6391ARTURO;0
145;6394FOX +2;2
146;6395FOX CRIME +2;2
147;6396FOX LIFE +2;2
148;6398AXN SCI-FI;0
149;6406SGOMMATI INTERACTIVE;0
150;6419NICK JR +1;1
151;6420JIMJAM +1;1
152;6421SKY CINEMA CULT;0
153;6427DISNEY CHANNEL +2;2
154;6428DISNEY XD +2;2
155;6433DMAX;0
156;6436ILIKE.TV;0
157;6437MTV LIVE HD;0
158;6438EXTREME SPORTS CHANNEL HD;0
159;6450DEA JUNIOR;0
160;6454SUPER!;0
161;6478LEI +1;1
162;6522PREMIUM CALCIO 1;0
163;6523PREMIUM CALCIO 2;0
164;6524PREMIUM CALCIO 3;0
165;6525PREMIUM CALCIO 4;0
166;6526BOING;0
167;6532RADIO ITALIA;0
168;6549SPORTITALIA 2;0
169;6550PREMIUM CALCIO 5;0
170;6582PREMIUM CALCIO 6;0
171;6655PADRE PIO TV;0
172;6680PREMIUM CALCIO 7;0
173;6734IRIS;0
174;6773LA7D;0
175;6824RAI 4;0
176;6830PREMIUM CALCIO/HD;0
177;7373LA5;0
178;7533SPORTITALIA 24;0
179;7739GIALLO;0
180;7742CARTOONITO;0
181;7936RAI 5;0
182;7972MEDIASET EXTRA;0
183;7978ITALIA 2 MEDIASET;0
184;8097MTV MUSIC;0
185;8278RADIO CAPITAL TIVU;0
186;8465FOCUS;0
187;84987 GOLD LOCALE;0
188;8499K2 LOCALE;0
189;8503TG NORBA 24 LOCALE;0
190;9909VERO CAPRI;0
191;7351PREMIUM CINEMA EMOTION              ;0
192;6497RACE TRACKER                        ;0
193;6496RACE CONTROL                        ;0
194;8064BBC KNOWLEDGE                       ;0
195;8065DISCOVERY WORLD                     ;0
196;7355PREMIUM CINEMA ENERGY               ;0
197;6566RETE CAPRI                          ;0
198;6456DEA SAPERE                          ;0
199;6784PREMIUM STEEL                       ;0
200;7146STUDIO UNIVERSAL                    ;0
201;7147PREMIUM CINEMA /HD                  ;0
202;6782PREMIUM JOI                         ;0
203;6783PREMIUM MYA                         ;0
204;6554CLASS TV MSNBC                      ;0
205;9700HIGHLIGHTS                          ;0
206;8247PREMIUM CINEMA COMEDY               ;0
207;6494PIT LANE                            ;0
208;6495LIVE TIMING                         ;0
209;6492ON BOARD LEADER                     ;0
210;6493ON BOARD MIX                        ;0
211;6490MOSAICO FORMULA 1                   ;0
212;9707SKY CINEMA FAMILY +1 HD             ;1
213;6491ON BOARD SKY                        ;0
214;9706SKY SPORT F1 ON BOARD MIX           ;0
215;6488SKY SPORT F1                        ;0
216;6489SKY SPORT F1 RACE CONTROL           ;0
217;8122PREMIUM CRIME                       ;0
0;ALL_CHANNELS;0
